Accession,Length,Geo_Location,Collection_Date
CADDYA000000000,,,
7BV2_P,20,,
7BV2_T,30,,
MT293547,64,Iraq,2020-04-02
MT273658,84,Pakistan,2020-03-26
MT163712,87,Iran,2020-02-29
MN938387,107,China: Shenzhen,2020-01
MN938388,107,China: Shenzhen,2020-01
MN938389,107,China: Shenzhen,2020-01
MN938390,107,China: Shenzhen,2020-01
MN975266,107,China,2020-01
MN975267,107,China,2020-01
MN975268,107,China,2020-01
MT232871,157,Iran,2020-02-26
MT232872,158,Iran,2020-02-26
LC522350,182,Philippines,2020-01-26
MT161607,253,Italy,2020-03-05
MT163715,264,India,2020-02-29
MN938385,287,China: Shenzhen,2020-01
MN938386,287,China: Shenzhen,2020-01
MN975263,287,China,2020-01
MN975264,287,China,2020-01
MN975265,287,China,2020-01
MT066157,290,Malaysia,2020-01-24
MT066158,290,Malaysia,2020-01-24
MT066159,290,Malaysia,2020-01-24
MN970003,290,Thailand,2020-01-08
MN970004,290,Thailand,2020-01-13
MT042773,294,China: Wuhan,2020-01
MT042774,294,China: Wuhan,2020-01
MT042775,294,China: Wuhan,2020-01
MT042776,294,China: Wuhan,2020-01
MT042777,294,China: Wuhan,2020-01
MT042778,294,China: Wuhan,2020-01
MT163737,322,Iran,2020-02-29
MT163738,322,Iran,2020-02-29
MT152900,322,Iran,2020-02-26
MT008022,322,Italy: Rome,2020-01
MT008023,322,Italy: Rome,2020-01
MT232869,338,Iran,2020-02-26
MT232870,338,Iran,2020-02-26
MT324681,344,Tunisia,2020-03-29
MT324682,344,Tunisia,2020-04-02
MT324683,344,Tunisia,2020-04-03
LC523807,357,Philippines,2020-02-06
LC523808,357,Philippines,2020-01-26
LC523809,357,Philippines,2020-01-23
MT186676,363,Iran: Tehran,2020-03-03
MT186677,363,Iran: Qum,2020-02-09
MT186678,363,Iran: Tehran,2020-02-22
MT186679,363,Iran: Tehran,2020-03-05
MT186680,363,Iran,2020-02-17
MT186681,363,Iran: Tehran,2020-02-28
MT186682,363,Iran: Tehran,2020-02-28
MT163714,399,India,2020-02-29
MT187977,406,Italy: Cagliari,2020-03
MT192758,440,Italy: Cagliari,2020-03-06
MT127116,459,Viet Nam,2020-02-10
MT159778,483,Nigeria: Lagos,2020-02-27
MT324679,491,Tunisia,2020-03-29
MT324680,491,Tunisia,2020-04-03
MT308701,493,Tunisia: Tunis,2020-04-02
MT050414,562,Australia,2020-01
MT050415,562,Australia,2020-01
MT050416,562,Australia,2020-02
MT050417,562,Australia,2020-02
MT111896,569,Australia: Queensland,2020-02
MT127113,615,Viet Nam,2020-02-10
MT072667,670,Belgium,2020-02-03
MT111895,770,Australia: Queensland,2020-02
MT072668,810,Belgium,2020-02-03
MT350234,1047,China: Nanchang,2020-01
MT344135,1152,Nigeria,2020-04-09
MT081059,1260,China: HuaShang,2020-01-22
MT081060,1260,China: HuaShang,2020-01-23
MT081061,1260,China: HuaShang,2020-01-23
MT081062,1260,China: HuaShang,2020-01-25
MT081063,1260,China: HuaShang,2020-01-26
MT081064,1260,China: HuaShang,2020-01-28
MT081065,1260,China: HuaShang,2020-01-30
MT081066,1260,China: HuaShang,2020-01-30
MT081067,1260,China: HuaShang,2020-01-31
MT081068,1260,China: HuaShang,2020-02-06
MT127115,1269,Viet Nam,2020-02-10
MT380726,1321,Iran,2020-04-20
MT380727,1321,Iran,2020-04-20
MT127114,1411,Viet Nam,2020-02-10
MT359231,3822,Serbia,2020-04
MT259238,29161,USA: WA,2020-03-16
MT259242,29173,USA: CT,2020-03-14
MT259283,29192,USA: WA,2020-03-15
MT293193,29251,USA: WA,2020-03-27
MT293217,29273,USA: WA,2020-03-17
MT259259,29280,USA: WA,2020-03-16
MT345864,29295,USA: ID,2020-03-20
MT326145,29301,USA,2020-03-21
MT326176,29301,USA,2020-03-19
MT163721,29325,USA: WA,2020-03-01
MT326142,29335,USA,2020-03-19
MT345837,29336,USA: WA,2020-03-23
MT326080,29379,USA,2020-03-24
MT326131,29381,USA,2020-03-20
LR757997,29388,China:Wuhan,2019-12-31
MT259272,29389,USA: WA,2020-03-13
MT259279,29399,USA: WA,2020-03-15
MT345810,29417,USA: WA,2020-03-25
MT326037,29422,USA,2020-03-23
MT326057,29424,USA,2020-03-21
MT326073,29428,USA,2020-03-21
MT259284,29432,USA: WA,2020-03-15
MT259270,29436,USA: WA,2020-03-16
MT326038,29440,USA,2020-03-24
MT263409,29443,USA: WA,2020-03-13
MT345813,29445,USA: WA,2020-03-25
MT259255,29450,USA: WA,2020-03-16
MT326050,29451,USA,2020-03-23
MT263389,29454,USA: WA,2020-03-16
MT259265,29468,USA: WA,2020-03-13
MT263401,29473,USA: WA,2020-03-15
MT326114,29474,USA,2020-03-20
MT345863,29478,USA: ID,2020-03-23
MT326062,29480,USA,2020-03-22
MT372483,29481,Malaysia,2020-03-14
MT345807,29481,USA: WA,2020-03-25
MT326026,29482,USA,2020-03-24
MT375464,29485,USA: WA,2020-04-08
MT252692,29499,USA: WA,2020-03-11
MT375475,29499,USA: WA,2020-04-08
MT326115,29520,USA,2020-03-20
MT374101,29521,Taiwan,2020-02-04
MT293203,29527,USA: WA,2020-03-18
MT263393,29529,USA: WA,2020-03-14
MT326157,29532,USA,2020-03-21
MT326033,29534,USA,2020-03-23
MT345820,29537,USA: WA,2020-03-25
MT326146,29538,USA,2020-03-21
MT252771,29543,USA: WA,2020-03-11
MT259240,29544,USA: WA,2020-03-16
MT326060,29548,USA,2020-03-23
MT326043,29549,USA,2020-03-22
MT326141,29551,USA,2020-03-19
MT293180,29554,USA: WA,2020-03-17
MT293221,29559,USA: WA,2020-03-18
MT326175,29564,USA,2020-03-19
MT326173,29574,USA,2020
MT263407,29575,USA: CT,2020-03-14
MT259239,29583,USA: WA,2020-03-16
MT326161,29589,USA,2020-03-21
MT345839,29591,USA: WA,2020-03-23
MT252821,29594,USA: WA,2020-03-07
MT345804,29594,USA: WA,2020-03-24
MT293163,29596,USA: WA,2020-03-29
MT326108,29598,USA,2020-03-22
MT326186,29599,USA,2020-03-17
MT259262,29599,USA: WA,2020-03-14
MT326045,29600,USA,2020-03-23
MT375473,29601,USA: WA,2020-04-08
MT263397,29601,USA: WA,2020-03-24
MT293157,29603,USA: WA,2020-03-29
MT345799,29608,USA: WA,2020-03-23
MT263385,29610,USA: WA,2020-03-23
MT198651,29611,Spain: Valencia,2020-03-04
MT198653,29611,Spain: Valencia,2020-03-08
MT252809,29615,USA: WA,2020-03-09
MT326122,29616,USA,2020-03-20
MT345821,29617,USA: WA,2020-03-25
MT326143,29617,USA,2020-03-20
MT293197,29619,USA: WA,2020-03-19
MT345818,29625,USA: WA,2020-03-25
MT326047,29627,USA,2020-03-23
MT326077,29628,USA,2020-03-24
MT252811,29629,USA: WA,2020-03-08
MT263466,29634,USA: WA,2020-03-16
MT371011,29635,USA: NY,2020-03-22
MT345851,29637,USA: WA,2020-03-25
MT326163,29639,USA,2020-03-21
MT293185,29640,USA: WA,2020-03-28
MT345857,29641,USA: ID,2020-03-24
MT326181,29641,USA,2020-03-14
MT259280,29642,USA: WA,2020-03-15
MT375462,29643,USA: WA,2020-04-06
MT371014,29643,USA: NY,2020-03-21
MT326059,29643,USA,2020-03-24
MT326107,29643,USA,2020-03-22
MT326121,29643,USA,2020-03-20
MT375469,29646,USA: CT,2020-04-07
MT259247,29646,USA: WA,2020-03-16
MT326139,29647,USA,2020-03-20
MT370963,29649,USA: NY,2020-03-19
MT326109,29649,USA,2020-03-22
MT358727,29651,USA: WA,2020-03-30
MT326102,29652,USA,2020-03-22
MT375471,29653,USA: CT,2020-04-06
MT293194,29653,USA: WA,2020-03-18
MT259258,29657,USA: MN,2020-03-13
MT370992,29658,USA: NY,2020-03-20
MT345838,29659,USA: WA,2020-03-23
MT326064,29662,USA,2020-03-23
MT252711,29668,USA: WA,2020-03-14
MT293206,29668,USA: WA,2020-03-19
MT293199,29671,USA: WA,2020-03-19
MT293174,29672,USA: WA,2020-03-27
MT252730,29673,USA: WA,2020-03-13
MT371020,29674,USA: NY,2020-03-19
MT252773,29679,USA: WA,2020-03-11
MT385493,29680,USA: CA,2020-03-25
MT259241,29682,USA: WA,2020-03-16
MT326083,29683,USA,2020-03-22
MT326024,29685,USA,2020-03-24
MT371024,29686,USA: NY,2020-03-21
MT345808,29687,USA: WA,2020-03-25
MT259287,29688,USA: WA,2020-03-15
MT385491,29689,USA: CA,2020-03-31
MT345800,29689,USA: WA,2020-03-25
MT326182,29689,USA,2020-03-13
MT370936,29693,USA: NY,2020-03-20
MT370990,29693,USA: NY,2020-03-21
MT263451,29693,USA: WA,2020-03-16
MT370921,29694,USA: NY,2020-03-20
MT370922,29694,USA: NY,2020-03-22
MT370938,29694,USA: NY,2020-03-21
MT370941,29694,USA: NY,2020-03-20
MT370945,29694,USA: NY,2020-03-22
MT370951,29694,USA: NY,2020-03-19
MT370955,29694,USA: NY,2020-03-19
MT370959,29694,USA: NY,2020-03-21
MT370974,29694,USA: NY,2020-03-22
MT370989,29694,USA: NY,2020-03-19
MT370995,29694,USA: NY,2020-03-20
MT371004,29694,USA: NY,2020-03-20
MT371005,29694,USA: NY,2020-03-19
MT371010,29694,USA: NY,2020-03-19
MT371021,29694,USA: NY,2020-03-20
MT371025,29694,USA: NY,2020-03-22
MT371037,29694,USA: NY,2020-03-19
MT293168,29694,USA: WA,2020-03-17
MT370929,29695,USA: NY,2020-03-20
MT326136,29695,USA,2020-03-19
MT370983,29696,USA: NY,2020-03-21
MT371031,29696,USA: NY,2020-03-20
MT345842,29696,USA: WA,2020-03-24
MT263394,29697,USA: WA,2020-03-14
MT252801,29698,USA: WA,2020-03-05
MT370968,29700,USA: NY,2020-03-20
MT370924,29701,USA: NY,2020-03-22
MT370973,29701,USA: NY,2020-03-20
MT370999,29701,USA: NY,2020-03-20
MT370926,29702,USA: NY,2020-03-18
MT259250,29702,USA: WA,2020-03-14
MT370943,29703,USA: NY,2020-03-21
MT370969,29703,USA: NY,2020-03-21
MT370978,29703,USA: NY,2020-03-22
MT370991,29704,USA: NY,2020-03-21
MT252701,29705,USA: WA,2020-03-12
MT252766,29705,USA: WA,2020-03-11
MT370997,29705,USA: NY,2020-03-19
MT371030,29705,USA: NY,2020-03-19
MT371032,29705,USA: NY,2020-03-19
MT263455,29705,USA: WA,2020-03-24
MT252787,29706,USA: WA,2020-03-09
MT375435,29706,USA: WA,2020-03-31
MT370917,29706,USA: NY,2020-03-19
MT370942,29706,USA: NY,2020-03-19
MT370961,29706,USA: NY,2020-03-20
MT326025,29707,USA,2020-03-24
MT370848,29709,USA: NY,2020-03-18
MT370923,29709,USA: NY,2020-03-21
MT370927,29709,USA: NY,2020-03-21
MT370946,29710,USA: NY,2020-03-20
MT371002,29710,USA: NY,2020-03-22
MT326091,29710,USA,2020-03-16
MT326170,29710,USA,2020-03-21
MT370977,29711,USA: NY,2020-03-21
MT293191,29711,USA: WA,2020-03-17
MT370931,29712,USA: NY,2020-03-21
MT370935,29712,USA: NY,2020-03-20
MT370956,29712,USA: NY,2020-03-19
MT370979,29712,USA: NY,2020-03-21
MT370986,29713,USA: NY,2020-03-20
MT375454,29714,USA: WA,2020-03-27
MT370930,29714,USA: NY,2020-03-22
MT370957,29714,USA: NY,2020-03-18
MT370960,29714,USA: NY,2020-03-18
MT370967,29714,USA: NY,2020-03-21
MT370981,29714,USA: NY,2020-03-19
MT371022,29714,USA: NY,2020-03-22
MT326054,29714,USA,2020-03-23
MT370933,29715,USA: NJ,2020-03-20
MT370939,29715,USA: NY,2020-03-19
MT370984,29715,USA: NY,2020-03-21
MT370831,29716,USA: NY,2020-03-18
MT370842,29716,USA: NY,2020-03-04
MT370883,29716,USA: NY,2020-03-18
MT370896,29716,USA: NY,2020-03-18
MT370904,29716,USA: NY,2020-02-29
MT370947,29716,USA: NY,2020-03-21
MT370954,29716,USA: NY,2020-03-21
MT370970,29716,USA: NY,2020-03-20
MT371007,29716,USA: NY,2020-03-19
MT370832,29717,USA: NY,2020-03-17
MT370858,29717,USA: NY,2020-03-18
MT370884,29717,USA: NY,2020-03-16
MT370910,29717,USA: NY,2020-03-13
MT370916,29717,USA: NY,2020-03-17
MT370949,29717,USA: NY,2020-03-20
MT370952,29717,USA: NY,2020-03-20
MT370914,29718,USA: NY,2020-03-17
MT370993,29718,USA: NY,2020-03-19
MT371003,29718,USA: NY,2020-03-20
MT370840,29719,USA: NY,2020-03-17
MT370898,29719,USA: NY,2020-03-18
MT370908,29719,USA: NY,2020-03-18
MT370962,29719,USA: NY,2020-03-21
MT371029,29719,USA: NY,2020-03-20
MT371038,29719,USA: NY,2020-03-19
MT370863,29720,USA: NY,2020-03-18
MT370907,29720,USA: NY,2020-03-17
MT371019,29720,USA: NY,2020-03-21
MT358708,29720,USA: WA,2020-03-27
MT370971,29722,USA: NY,2020-03-20
MT370972,29722,USA: NY,2020-03-20
MT371017,29722,USA: NY,2020-03-22
MT370953,29723,USA: NY,2020-03-19
MT370958,29723,USA: NY,2020-03-19
MT370982,29723,USA: NY,2020-03-19
MT370987,29723,USA: NY,2020-03-18
MT370988,29723,USA: NY,2020-03-20
MT371006,29723,USA: NY,2020-03-20
MT371012,29723,USA: NY,2020-03-19
MT371015,29723,USA: NY,2020-03-20
MT371026,29723,USA: NY,2020-03-19
MT371033,29723,USA: NY,2020-03-21
MT370833,29724,USA: NY,2020-03-18
MT370835,29724,USA: NY,2020-03-18
MT370836,29724,USA: NY,2020-03-18
MT370837,29724,USA: NY,2020-03-18
MT370838,29724,USA: NY,2020-03-17
MT370839,29724,USA: NY,2020-03-14
MT370841,29724,USA: NY,2020-03-17
MT370845,29724,USA: NY,2020-03-18
MT370847,29724,USA: NY,2020-03-18
MT370856,29724,USA: NY,2020-03-18
MT370860,29724,USA: NY,2020-03-18
MT370864,29724,USA: NY,2020-03-18
MT370865,29724,USA: NY,2020-03-17
MT370868,29724,USA: NY,2020-03-17
MT370871,29724,USA: NY,2020-03-17
MT370875,29724,USA: NY,2020-03-18
MT370876,29724,USA: NY,2020-03-17
MT370877,29724,USA: NY,2020-03-17
MT370886,29724,USA: NY,2020-03-17
MT370887,29724,USA: NY,2020-03-18
MT370890,29724,USA: NY,2020-03-18
MT370894,29724,USA: NY,2020-03-17
MT370897,29724,USA: NY,2020-03-18
MT370901,29724,USA: NY,2020-03-17
MT370902,29724,USA: NY,2020-03-17
MT370912,29724,USA: NY,2020-03-19
MT370915,29724,USA: NY,2020-03-13
MT370920,29724,USA: NY,2020-03-18
MT370932,29724,USA: NY,2020-03-20
MT370940,29724,USA: NY,2020-03-19
MT370976,29724,USA: NY,2020-03-20
MT370980,29724,USA: NY,2020-03-20
MT370994,29724,USA: NY,2020-03-20
MT370998,29724,USA: NY,2020-03-19
MT371000,29724,USA: NY,2020-03-21
MT371001,29724,USA: NY,2020-03-19
MT371008,29724,USA: NY,2020-03-22
MT371009,29724,USA: NY,2020-03-21
MT371013,29724,USA: NY,2020-03-21
MT371016,29724,USA: NY,2020-03-22
MT371018,29724,USA: NY,2020-03-20
MT371023,29724,USA: NY,2020-03-21
MT371027,29724,USA: NY,2020-03-20
MT371028,29724,USA: NY,2020-03-21
MT371035,29724,USA: NY,2020-03-21
MT371036,29724,USA: NY,2020-03-20
MT252734,29725,USA: WA,2020-03-14
MT370859,29725,USA: NY,2020-03-17
MT326149,29725,USA,2020-03-21
MT375439,29726,USA: ID,2020-03-30
MT370834,29726,USA: NY,2020-03-18
MT370844,29726,USA: NY,2020-03-18
MT370849,29726,USA: NY,2020-03-17
MT370852,29726,USA: NY,2020-03-17
MT370854,29726,USA: NY,2020-03-14
MT370855,29726,USA: NY,2020-03-19
MT370857,29726,USA: NY,2020-03-14
MT370862,29726,USA: NY,2020-03-16
MT370869,29726,USA: NY,2020-03-18
MT370870,29726,USA: NY,2020-03-18
MT370873,29726,USA: NY,2020-03-16
MT370878,29726,USA: NY,2020-03-16
MT370880,29726,USA: NY,2020-03-19
MT370881,29726,USA: NY,2020-03-13
MT370882,29726,USA: NY,2020-03-18
MT370885,29726,USA: NY,2020-03-18
MT370889,29726,USA: NY,2020-03-13
MT370892,29726,USA: NY,2020-03-11
MT370899,29726,USA: NY,2020-03-17
MT370900,29726,USA: NY,2020-03-16
MT370913,29726,USA: NY,2020-03-17
MT370918,29726,USA: NY,2020-03-16
MT370928,29726,USA: NY,2020-03-19
MT370934,29726,USA: NY,2020-03-20
MT370964,29726,USA: NY,2020-03-21
MT370975,29726,USA: NY,2020-03-19
MT370846,29727,USA: NY,2020-03-16
MT370850,29727,USA: NY,2020-03-17
MT375467,29729,USA: WA,2020-04-07
MT370843,29729,USA: NY,2020-03-17
MT370853,29729,USA: NY,2020-03-17
MT370867,29729,USA: NY,2020-03-15
MT370905,29729,USA: NY,2020-03-17
MT370909,29729,USA: NY,2020-03-17
MT370911,29729,USA: NY,2020-03-17
MT370985,29729,USA: NY,2020-03-20
MT370872,29730,USA: NY,2020-03-17
MT370888,29730,USA: NY,2020-03-17
MT370948,29730,USA: NY,2020-03-20
MT326165,29730,USA,2020-03-21
MT370851,29731,USA: NY,2020-03-18
MT370950,29731,USA: NY,2020-03-20
MT375444,29732,USA: WA,2020-03-29
MT370966,29732,USA: NY,2020-03-19
MT371034,29732,USA: NY,2020-03-22
MT163720,29732,USA: WA,2020-03-01
MT375429,29733,USA: ID,2020-03-29
MT345814,29733,USA: WA,2020-03-24
MT326184,29733,USA,2020-03-17
MT375428,29734,USA: WA,2020-03-29
MT370879,29734,USA: NY,2020-03-17
MT326155,29734,USA,2020-03-21
MT252683,29736,USA: WA,2020-03-10
MT370937,29737,USA: NY,2020-03-20
MT326158,29737,USA,2020-03-21
MT326179,29737,USA,2020-03-19
MT345822,29738,USA: WA,2020-03-25
MT370944,29739,USA: NY,2020-03-19
MT371568,29740,Czech Republic,2020-03-22
MT345831,29740,USA: ID,2020-03-23
MT263388,29740,USA: WA,2020-03-16
MT370925,29743,USA: NY,2020-03-20
MT252737,29744,USA: WA,2020-03-14
MT326123,29744,USA,2020-03-20
MT326151,29744,USA,2020-03-21
MT326044,29746,USA,2020-03-23
MT326036,29747,USA,2020-03-23
MT252693,29748,USA: WA,2020-03-11
MT293158,29748,USA: WA,2020-03-16
MT326094,29749,USA,2020-03-22
MT370895,29751,USA: NY,2020-03-16
MT259235,29751,USA: WA,2020-03-13
MT252765,29752,USA: WA,2020-03-10
MT326101,29754,USA,2020-03-22
MT252822,29755,USA: WA,2020-03-06
MT326183,29755,USA,2020-03-17
MT263460,29755,USA: IL,2020-03-12
MT252709,29756,USA: WA,2020-03-14
MT370874,29756,USA: NY,2020-03-15
MT370903,29756,USA: NY,2020-03-17
MT371570,29756,Czech Republic,2020-03-21
MT371571,29756,Czech Republic,2020-03-18
MT371572,29756,Czech Republic,2020-03-19
MT371573,29756,Czech Republic,2020-03-17
MT371574,29756,Czech Republic,2020-03-18
MT293184,29756,USA: WA,2020-03-18
MT308694,29757,USA: MI,2020-03-11
MT259243,29757,USA: WA,2020-03-13
MT326152,29758,USA,2020-03-21
MT326166,29759,USA,2020-03-21
MT259268,29759,USA: WA,2020-03-13
MT263390,29761,USA: WA,2020-03-24
MT252721,29762,USA: WA,2020-03-13
MT345812,29762,USA: WA,2020-03-25
MT326053,29763,USA,2020-03-23
MT370893,29764,USA: NY,2020-03-17
MT263462,29764,USA: WA,2020-03-23
MT252803,29765,USA: WA,2020-03-09
MT375477,29765,USA: WA,2020-04-02
MT326124,29765,USA,2020-03-20
MT326160,29765,USA,2020-03-21
MT308695,29765,USA: MI,2020-03-10
MT246458,29765,USA: WA,2020-03-12
MT246483,29765,USA: WA,2020-03-15
MT326138,29766,USA,2020-03-20
MT370965,29767,USA: NY,2020-03-19
MT308696,29767,USA: MI,2020-03-09
MT370996,29768,USA: NY,2020-03-19
MT326177,29770,USA,2020-03-19
MT252681,29772,USA: WA,2020-03-10
MT370866,29772,USA: NY,2020-03-17
MT370906,29772,USA: NY,2020-03-17
MT370919,29772,USA: NY,2020-03-14
MT326168,29772,USA,2020-03-21
MT293164,29772,USA: WA,2020-03-17
MT326110,29773,USA,2020-03-22
MT326041,29774,USA,2020-03-20
MT291829,29774,China: Wuhan,2019-12-30
MT326031,29775,USA,2020-03-24
MT263456,29775,USA: WA,2020-03-24
MT246485,29775,USA: WA,2020-03-15
MT252706,29776,USA: WA,2020-03-13
MT358720,29776,USA: WA,2020-03-27
MT345844,29776,USA: WA,2020-03-24
MT326188,29776,USA,2020-03-16
MT293175,29776,USA: WA,2020-03-30
MT259266,29776,USA: WA,2020-03-13
MT252712,29777,USA: WA,2020-03-14
MT252823,29777,USA: WA,2020-03-07
MT326046,29777,USA,2020-03-23
MT326111,29777,USA,2020-03-22
MT326147,29777,USA,2020-03-20
MT263453,29777,USA: WA,2020-03-24
MT326035,29778,USA,2020-03-23
MT293188,29778,USA: WA,2020-03-28
MT263428,29778,USA: IL,2020-03-13
MT370861,29779,USA: NY,2020-03-17
MT345860,29779,USA: WA,2020-03-25
MT259274,29779,USA: WA,2020-03-14
MT326072,29781,USA,2020-03-22
MT253696,29781,"China: Zhejiang, Hangzhou",2020-01-23
MT253697,29781,"China: Zhejiang, Hangzhou",2020-01-23
MT253698,29781,"China: Zhejiang, Hangzhou",2020-01-23
MT253699,29781,"China: Zhejiang, Hangzhou",2020-01-24
MT253700,29781,"China: Zhejiang, Hangzhou",2020-01-25
MT253701,29781,"China: Zhejiang, Hangzhou",2020-01-21
MT253702,29781,"China: Zhejiang, Hangzhou",2020-01-21
MT253703,29781,"China: Zhejiang, Hangzhou",2020-01-25
MT253704,29781,"China: Zhejiang, Hangzhou",2020-01-25
MT253705,29781,"China: Zhejiang, Hangzhou",2020-01-22
MT253706,29781,"China: Zhejiang, Hangzhou",2020-01-22
MT253707,29781,"China: Zhejiang, Hangzhou",2020-01-25
MT253708,29781,"China: Zhejiang, Hangzhou",2020-01-21
MT253709,29781,"China: Zhejiang, Hangzhou",2020-01-21
MT253710,29781,"China: Zhejiang, Hangzhou",2020-01-21
MT246465,29781,USA: WA,2020-03-13
MT394864,29782,Germany: Dusseldorf,2020-03-14
MT308699,29782,USA: MI,2020-03-12
MT292569,29782,Spain,2020-03-09
MT292570,29782,Spain,2020-03-10
MT292571,29782,Spain,2020-03-09
MT292572,29782,Spain,2020-03-10
MT292573,29782,Spain,2020-03-09
MT292574,29782,Spain,2020-03-02
MT292575,29782,Spain,2020-03-10
MT292576,29782,Spain,2020-03-10
MT292577,29782,Spain,2020-03-08
MT292578,29782,Spain,2020-03-09
MT292579,29782,Spain,2020-03-09
MT292580,29782,Spain,2020-02-27
MT292581,29782,Spain,2020-02-27
MT292582,29782,Spain,2020-03-06
MT256917,29782,Spain: Valencia,2020-03-02
MT256918,29782,Spain: Valencia,2020-03-06
MT256924,29782,Colombia: Antioquia,2020-03-11
MT246463,29782,USA: WA,2020-03-13
MT233519,29782,Spain: Valencia,2020-02-27
MT233520,29782,Spain: Valencia,2020-02-26
MT233521,29782,Spain: Valencia,2020-02-27
MT233522,29782,Spain: Valencia,2020-03-02
MT233523,29782,Spain: Valencia,2020-03-04
MT198652,29782,Spain: Valencia,2020-03-05
MT308698,29783,USA: MI,2020-03-12
MT188339,29783,USA: MN,2020-03-09
MT375476,29784,USA: WA,2020-04-02
MT252704,29785,USA: WA,2020-03-13
MT252768,29785,USA: WA,2020-03-11
MT345843,29785,USA: WA,2020-03-24
MT077125,29785,Italy,2020-01-31
MT326174,29786,USA,2020-03-19
MT326144,29787,USA,2020-03-20
MT252700,29788,USA: WA,2020-03-13
MT252705,29788,USA: WA,2020-03-13
MT252708,29788,USA: WA,2020-03-13
MT375457,29788,USA,2020-04-06
MT345884,29788,USA: ID,2020-03-29
MT334552,29788,USA: UT,2020-03-23
MT308693,29788,USA: MI,2020-03-10
MT308692,29789,USA: MI,2020-03-09
MT308697,29789,USA: MI,2020-03-11
MT252699,29790,USA: WA,2020-03-13
MT252703,29790,USA: WA,2020-03-13
MT252740,29790,USA: WA,2020-03-14
MT252756,29790,USA: WA,2020-03-11
MT326130,29790,USA,2020-03-20
MT293169,29790,USA: WA,2020-03-17
MT263434,29790,USA: WA,2020-03-24
MT259252,29790,USA: WA,2020-03-14
MT345824,29792,USA: WA,2020-03-25
MT326039,29792,USA,2020-03-23
MT308700,29792,USA: MI,2020-03-12
MT263426,29792,USA: WA,2020-03-16
MT252726,29793,USA: WA,2020-03-12
MT370891,29793,USA: NY,2020-03-16
MT326034,29793,USA,2020-03-23
MT263384,29793,USA: WA,2020-03-23
MT263441,29793,USA: WA,2020-03-24
MT326090,29794,USA,2020-03-21
MT326135,29794,USA,2020-03-20
MT326085,29795,USA,2020-03-20
MT252687,29796,USA: WA,2020-03-10
MT293167,29796,USA: WA,2020-03-17
MT334554,29797,USA: UT,2020-03-19
MT334560,29797,USA: UT,2020-03-25
MT263383,29797,USA: WA,2020-03-24
MT371569,29798,Czech Republic,2020-03-19
MT334522,29798,USA: UT,2020-03-05
MT293170,29798,USA: WA,2020-03-18
MT293214,29801,USA: WA,2020-03-19
MT263457,29801,USA: WA,2020-03-15
MT385497,29803,USA: CA,2020-03-25
MT334571,29803,USA: UT,2020-03-26
MT326079,29804,USA,2020-03-20
MT334555,29806,USA: UT,2020-03-20
MT020781,29806,Finland,2020-01-29
MT339040,29807,USA: AZ,2020-03-16
MT291826,29807,China: Wuhan,2019-12-30
MT291830,29807,China: Wuhan,2019-12-30
MT252696,29808,USA: WA,2020-03-13
MT358686,29808,USA: WA,2020-03-26
MT345850,29808,USA: WA,2020-03-24
MT326104,29808,USA,2020-03-22
MT263386,29808,USA: CT,2020-03-14
MT252689,29809,USA: WA,2020-03-10
MT263408,29810,USA: WA,2020-03-24
MT246472,29810,USA: WA,2020-03-12
MT334558,29811,USA: UT,2020-03-19
MT072688,29811,Nepal,2020-01-13
MT385483,29812,USA: CA,2020-03-28
MT252761,29812,USA: WA,2020-03-12
MT385490,29813,USA: CA,2020-03-28
MT252680,29813,USA: WA,2020-03-10
MT252690,29813,USA: WA,2020-03-10
MT375443,29813,USA: WA,2020-03-26
MT375456,29813,USA: WA,2020-03-27
MT358674,29813,USA: WA,2020-03-26
MT358676,29813,USA: WA,2020-03-26
MT358697,29813,USA: WA,2020-03-26
MT358707,29813,USA: WA,2020-03-31
MT334527,29813,USA: UT,2020-03-11
MT259253,29813,USA: WA,2020-03-16
MT345859,29814,USA: WA,2020-03-25
MT326112,29814,USA,2020-03-20
MT358680,29815,USA: WA,2020-03-26
MT358731,29815,USA: WA,2020-03-29
MT263416,29815,USA: WA,2020-03-16
MT259282,29815,USA: WA,2020-03-15
MT252725,29816,USA: WA,2020-03-13
MT345845,29816,USA: WA,2020-03-24
MT252723,29817,USA: WA,2020-03-13
MT345823,29817,USA: WA,2020-03-25
MT326148,29817,USA,2020-03-21
MT345801,29818,USA: WA,2020-03-25
MT263427,29818,USA: WA,2020-03-16
MT246464,29818,USA: WA,2020-03-13
MT252695,29819,USA: WA,2020-03-10
MT263442,29819,USA: WA,2020-03-24
MT252686,29820,USA: WA,2020-03-10
MT326040,29820,USA,2020-03-21
MT293173,29820,USA: WA,2020-03-30
MT252678,29821,USA: WA,2020-03-10
MT252758,29821,USA: WA,2020-03-11
MT358664,29821,USA: WA,2020-03-31
MT291833,29821,China: Beijing,2020-01-28
MT259249,29821,USA: WA,2020-03-13
MT252684,29822,USA: WA,2020-03-10
MT252685,29822,USA: WA,2020-03-10
MT252772,29822,USA: WA,2020-03-11
MT320891,29822,Iran,2020-03-09
MT281530,29822,Iran,2020-03-09
MT358729,29823,USA: WA,2020-03-31
MT326028,29823,USA,2020-03-24
MT326185,29823,USA,2020-03-17
MT246453,29823,USA: WA,2020-03-13
MT385494,29824,USA: CA,2020-03-23
MT252691,29825,USA: WA,2020-03-11
MT345876,29825,USA: ID,2020-03-28
MT246473,29825,USA: WA,2020-03-14
MN996527,29825,China: Wuhan,2019-12-30
MT358714,29826,USA: WA,2020-03-27
MT358725,29826,USA: WA,2020-03-27
MT350238,29826,USA: VA,2020-03
MT259245,29826,USA: WA,2020-03-15
MT252715,29827,USA: WA,2020-03-14
MT326084,29827,USA,2020-03-22
MT252749,29828,USA: WA,2020-03-11
MT252775,29828,USA: WA,2020-03-11
MT358652,29828,USA: ID,2020-03-30
MT358732,29828,USA: WA,2020-03-29
MT326125,29828,USA,2020-03-20
MT291832,29828,China: Beijing,2020-01-25
MT263448,29828,USA: WA,2020-03-16
MT263449,29828,USA: WA,2020-03-24
MT263461,29828,USA: WA,2020-03-22
MT246449,29828,USA: WA,2020-03-13
MT246479,29828,USA: WA,2020-03-13
MT252778,29829,USA: WA,2020-03-11
MT252788,29829,USA: WA,2020-03-09
MT358650,29829,USA: WA,2020-03-31
MT358663,29829,USA: WA,2020-03-31
MT293190,29829,USA: WA,2020-03-17
MT263412,29829,USA: WA,2020-03-16
MT263423,29829,USA: WA,2020-03-23
MT251977,29829,USA: WA,2020-03-14
MT192765,29829,"USA: CA, San Diego County",2020-03-11
MT252802,29830,USA: WA,2020-03-08
MT326058,29830,USA,2020-03-24
MT326169,29830,USA,2020-03-22
MT263414,29830,USA: WA,2020-03-24
MT263424,29830,USA: WA,2020-03-24
MT385489,29831,USA: CA,2020-03-28
MT385492,29831,USA: CA,2020-03-25
MT385495,29831,USA: CA,2020-03-28
MT358645,29831,USA: WA,2020-03-31
MT358648,29831,USA: WA,2020-03-31
MT358677,29831,USA: WA,2020-03-26
MT358681,29831,USA: WA,2020-03-26
MT345866,29831,USA: ID,2020-03-23
MT345874,29831,USA: CT,2020-03-30
MT259285,29831,USA: WA,2020-03-15
MT252679,29832,USA: WA,2020-03-10
MT252738,29832,USA: WA,2020-03-15
MT358672,29832,USA: WA,2020-03-30
MT358678,29832,USA: WA,2020-03-27
MT358679,29832,USA: WA,2020-03-26
MT358683,29832,USA: WA,2020-03-25
MT358692,29832,USA: WA,2020-03-25
MT326133,29832,USA,2020-03-20
MT326191,29832,USA,2020-03-18
MT327745,29832,Turkey,2020-03-17
MT263464,29832,USA: WA,2020-03-16
MT252729,29833,USA: WA,2020-03-13
MT252736,29833,USA: WA,2020-03-14
MT358666,29833,USA: WA,2020-03-31
MT358689,29833,USA: WA,2020-03-26
MT358699,29833,USA: WA,2020-03-26
MT358712,29833,USA: WA,2020-03-27
MT358724,29833,USA: WA,2020-03-27
MT345852,29833,USA: WA,2020-03-25
MT345883,29833,USA: WA,2020-03-31
MT326049,29833,USA,2020-03-23
MT326082,29833,USA,2020-03-23
MT326093,29833,USA,2020-03-22
MT293205,29833,USA: WA,2020-03-19
MT263452,29833,USA: WA,2020-03-17
MT259256,29833,USA: WA,2020-03-13
MT039873,29833,China: Hangzhou,2020-01-20
MT358682,29834,USA: WA,2020-03-26
MT358709,29834,USA: ID,2020-03-26
MT326070,29834,USA,2020-03-24
MT308702,29834,USA: NC,2020-04
MT308703,29834,USA: NC,2020-04
MT308704,29834,USA: NC,2020-04
MT300186,29834,USA: North Carolina,2020-04-02
MT291835,29834,China: Beijing,2020-01-27
MT263405,29834,USA: WA,2020-03-16
MT385478,29835,USA: CA,2020-04-08
MT385485,29835,USA: CA,2020-04-08
MT358665,29835,USA: WA,2020-03-31
MT358691,29835,USA: WA,2020-03-27
MT358713,29835,USA: WA,2020-03-27
MT358728,29835,USA: WA,2020-03-31
MT350256,29835,USA: VA,2020-04
MT345881,29835,USA: WA,2020-03-30
MT188341,29835,USA: MN,2020-03-05
MT396245,29836,India,2020-04-10
MT385472,29836,USA: CA,2020-03-25
MT385473,29836,USA: CA,2020-03-28
MT385474,29836,USA: CA,2020-03-28
MT385476,29836,USA: CA,2020-03-23
MT385477,29836,USA: CA,2020-04-08
MT385480,29836,USA: CA,2020-03-28
MT385481,29836,USA: CA,2020-03-28
MT385487,29836,USA: CA,2020-03-25
MT385488,29836,USA: CA,2020-03-25
MT252698,29836,USA: WA,2020-03-13
MT326075,29836,USA,2020-03-20
MT326081,29836,USA,2020-03-24
MT326159,29836,USA,2020-03-21
MT262993,29836,Pakistan: KPK,2020-03-12
MT259264,29836,USA: WA,2020-03-13
MT240479,29836,Pakistan: Gilgit,2020-03-04
MT385469,29837,USA: CA,2020-03-25
MT385496,29837,USA: CA,2020-03-31
MT326128,29837,USA,2020-03-20
MT263422,29837,USA: WA,2020-03-16
MT263454,29837,USA: WA,2020-03
MT259261,29837,USA: WA,2020-03-16
MT396244,29838,India,2020-04-14
MT385468,29838,USA: CA,2020-04-08
MT385470,29838,USA: CA,2020-04-08
MT385482,29838,USA: CA,2020-03-28
MT358660,29838,USA: WA,2020-03-31
MT358745,29838,USA: ID,2020-03-29
MT358746,29838,USA: WA,2020-03-31
MT326078,29838,USA,2020-03-24
MT263430,29838,USA: WA,2020-03-24
MN938384,29838,China: Shenzhen,2020-01-10
MT396246,29839,India,2020-04-10
MT396247,29839,India,2020-04-06
MT396248,29839,India,2020-04-14
MT252785,29839,USA: WA,2020-03-11
MT375433,29839,USA: WA,2020-03-30
MT375450,29839,USA: WA,2020-03-28
MT375451,29839,USA: WA,2020-03-27
MT345826,29839,USA: WA,2020-03-25
MT326074,29839,USA,2020-03-20
MT326076,29839,USA,2020-03-24
MT293165,29839,USA: WA,2020-03-17
MT263420,29839,USA: WA,2020-03-20
MT259281,29839,USA: WA,2020-03-15
MT251979,29839,USA: WA,2020-03-14
MT396243,29840,India,2020-04-06
MT385471,29840,USA: CA,2020-04-08
MT345848,29840,USA: WA,2020-03-24
MT345870,29840,USA: CT,2020-03-30
MT334557,29840,USA: UT,2020-03-20
MT263415,29840,USA: MN,2020-03-13
MT396242,29841,India,2020-04-08
MT252717,29841,USA: WA,2020-03-14
MT252733,29841,USA: WA,2020-03-13
MT252735,29841,USA: WA,2020-03-14
MT252739,29841,USA: WA,2020-03-15
MT252824,29841,USA: WA,2020-03-06
MT358651,29841,USA: CT,2020-03-30
MT326180,29841,USA,2020-03-19
MT263400,29841,USA: WA,2020-03-23
MT263425,29841,USA: WA,2020-03-24
MT263450,29841,USA: WA,2020-03-24
MT259275,29841,USA: WA,2020-03-14
MT385467,29842,USA: CA,2020-04-08
MT358644,29842,USA: WA,2020-04-01
MT358701,29842,USA: WA,2020-03-25
MT358737,29842,USA: WA,2020-03-28
MT326105,29842,USA,2020-03-22
MT293209,29842,USA: WA,2020-03-19
MT293222,29842,USA: WA,2020-03-18
MT259246,29842,USA: WA,2020-03-13
MT246488,29842,USA: WA,2020-03-14
MT385484,29843,USA: CA,2020-03-31
MT263392,29843,USA: WA,2020-03-24
MT246457,29843,USA: WA,2020-03-12
MT246468,29843,USA: WA,2020-03-14
MT252694,29844,USA: WA,2020-03-10
MT252697,29844,USA: WA,2020-03-13
MT358711,29844,USA: WA,2020-03-27
MT345798,29844,USA: WA,2020-03-24
MT293156,29844,USA: WA,2020-03-30
MT263402,29844,USA: WA,2020-03-23
MT246482,29844,USA: WA,2020-03-15
MT251980,29845,USA: WA,2020-03-13
MT188340,29845,USA: MN,2020-03-07
MT326071,29846,USA,2020-03-22
MT293201,29846,USA: WA,2020-03-19
MT293223,29846,USA: WA,2020-03-18
MT263436,29846,USA: WA,2020-03-24
MT246456,29846,USA: WA,2020-03-13
MT385466,29847,USA: CA,2020-03-23
MT358653,29847,USA: CT,2020-03-31
MT358717,29847,USA: WA,2020-03-27
MT345879,29847,USA: ID,2020-03-28
MT334556,29847,USA: UT,2020-03-20
MT293224,29847,USA: WA,2020-03-18
MT233526,29847,USA: WA,2020-01-19
MT252713,29848,USA: WA,2020-03-15
MT375460,29848,USA: WA,2020-04-06
MT375465,29848,USA: WA,2020-04-07
MT358733,29848,USA: WA,2020-03-29
MT334573,29848,USA: UT,2020-03-30
MT326120,29848,USA,2020-03-21
MT293162,29848,USA: WA,2020-03-16
MT293171,29848,USA: WA,2020-03-17
MT334563,29849,USA: UT,2020-03-26
MT345811,29850,USA: WA,2020-03-24
MT345853,29850,USA: WA,2020-03-25
MT246490,29850,USA: WA,2020-03-15
MT385464,29851,USA: CA,2020-03-23
MT385465,29851,USA: CA,2020-03-28
MT358688,29851,USA: WA,2020-03-26
MT358700,29851,USA: WA,2020-03-26
MT350246,29851,USA: VA,2020-04
MT326089,29851,USA,2020-03-21
MT322403,29851,USA: VA,2020-03
MT276597,29851,Israel,2020-02
MT050493,29851,India: Kerala State,2020-01-31
MT385463,29852,USA: CA,2020-03-25
MT252792,29852,USA: WA,2020-03-10
MT252798,29852,USA: WA,2020-03-10
MT375436,29852,USA: WA,2020-03-31
MT358655,29852,USA: ID,2020-03-30
MT293200,29852,USA: WA,2020-03-19
MT263387,29852,USA: WA,2020-03-16
MT259267,29852,USA: WA,2020-03-14
MT251974,29852,USA: CT,2020-03-12
MN996529,29852,China: Wuhan,2019-12-30
MT385479,29853,USA: CA,2020-03-31
MT375437,29853,USA: WA,2020-03-31
MT358656,29853,USA: WA,2020-03-31
MT358658,29853,USA: WA,2020-03-31
MT358738,29853,USA: WA,2020-03-28
MT345828,29853,USA: ID,2020-03-23
MT326030,29853,USA,2020-03-24
MT326051,29853,USA,2020-03-23
MT326087,29853,USA,2020-03-23
MT263419,29853,USA: WA,2020-03-16
MT263433,29853,USA: IL,2020-03-13
MT263467,29853,USA: WA,2020-03-16
MT252710,29854,USA: WA,2020-03-14
MT358659,29854,USA: WA,2020-03-31
MT326032,29854,USA,2020-03-23
MT326119,29854,USA,2020-03-20
MT326172,29854,USA,2020-03-21
MT012098,29854,India: Kerala State,2020-01-27
MN996530,29854,China: Wuhan,2019-12-30
MT385462,29855,USA: CA,2020-03-23
MT358703,29855,USA: ID,2020-03-25
MT293215,29855,USA: WA,2020-03-19
MT252745,29856,USA: WA,2020-03-12
MT375442,29856,USA: WA,2020-03-26
MT350243,29856,USA: VA,2020-03
MT326086,29856,USA,2020-03-19
MT326126,29856,USA,2020-03-20
MT263074,29856,Peru,2020-03-10
MT385461,29857,USA: CA,2020-03-25
MT252781,29857,USA: WA,2020-03-11
MT350241,29857,USA: VA,2020-03
MT345830,29857,USA: WA,2020-03-25
MT263444,29857,USA: WA,2020-03-20
MT263469,29857,USA: WA,2020-03-15
MT259286,29857,USA: WA,2020-03-15
MT246455,29857,USA: WA,2020-03-12
MN996531,29857,China: Wuhan,2019-12-30
MT385459,29858,USA: CA,2020-03-25
MT385460,29858,USA: CA,2020-03-28
MT252782,29858,USA: WA,2020-03-11
MT350255,29858,USA: VA,2020-04
MT326023,29858,USA,2020-03-24
MT326113,29858,USA,2020-03-20
MT039874,29858,China,2020-01-22
MT291827,29858,China: Wuhan,2019-12-30
MT291828,29858,China: Wuhan,2019-12-30
MT044258,29858,USA: CA,2020-01-27
MT358726,29859,USA: WA,2020-03-27
MT345855,29859,USA: WA,2020-03-25
MT326097,29859,USA,2020-03-21
MT322412,29859,USA: VA,2020-03
MT322421,29859,USA: VA,2020-03
MT293216,29859,USA: WA,2020-03-19
MT252682,29860,USA: WA,2020-03-10
MT339043,29860,USA: VA,2020-03
MT358698,29860,USA: WA,2020-03-25
MT350257,29860,USA: VA,2020-04
MT345854,29860,USA: WA,2020-03-25
MT326055,29860,USA,2020-03-21
MT291836,29860,China: Beijing,2020-01-29
MT246470,29860,USA: WA,2020-03-13
MT093631,29860,China,2020-01-08
MT385458,29861,USA: CA,2020-03-23
MT385475,29861,USA: CA,2020-04-03
MT252800,29861,USA: WA,2020-03-10
MT344950,29861,USA: IN,2020-03-07
MT344951,29861,USA: IN,2020-03-08
MT344952,29861,USA: IN,2020-03-09
MT345816,29861,USA,2020-03-23
MT345817,29861,USA: ID,2020-03-24
MT334545,29861,USA: UT,2020-03-19
MT326099,29861,USA,2020-03-22
MT326127,29861,USA,2020-03-20
MT326162,29861,USA,2020-03-21
MT259228,29861,"China: Hubei, Wuhan",2020-01-26
MT251972,29861,USA: WA,2020-03-14
MT385456,29862,USA: CA,2020-03-28
MT385457,29862,USA: CA,2020-03-28
MT252728,29862,USA: WA,2020-03-13
MT252742,29862,USA: WA,2020-03-12
MT252810,29862,USA: WA,2020-03-08
MT375472,29862,USA,2020-04-08
MT358646,29862,USA: WA,2020-03-31
MT358662,29862,USA: WA,2020-03-31
MT358690,29862,USA: WA,2020-03-26
MT345815,29862,USA: WA,2020-03-24
MT334539,29862,USA: UT,2020-03-14
MT326137,29862,USA,2020-03-19
MT263413,29862,USA: WA,2020-03-16
MT192759,29862,Taiwan,2020-01-25
MT394529,29863,USA: CA,2020-03-24
MT385455,29863,USA: CA,2020-04-08
MT114419,29863,Hong Kong,2020-01-29
MT358719,29863,USA: WA,2020-03-27
MT345809,29863,USA: WA,2020-03-25
MT345847,29863,USA: WA,2020-03-24
MT334551,29863,USA: UT,2020-03-14
MT334553,29863,USA: UT,2020-03-24
MT334569,29863,USA: UT,2020-03-27
MT326027,29863,USA,2020-03-24
MT326029,29863,USA,2020-03-24
MT326154,29863,USA,2020-03-21
MT293189,29863,USA: WA,2020-03-18
MT263431,29863,USA: WA,2020-03-24
MT263439,29863,USA: WA,2020-03-24
MT263440,29863,USA: WA,2020-03-24
MT259227,29863,"China: Hubei, Wuhan",2020-01-26
MT246476,29863,USA: WA,2020-03-13
MT385454,29864,USA: CA,2020-03-28
MT252688,29864,USA: WA,2020-03-10
MT358669,29864,USA: WA,2020-03-29
MT358671,29864,USA: WA,2020-03-30
MT334524,29864,USA: UT,2020-03-05
MT334531,29864,USA: UT,2020-03-12
MT334543,29864,USA: UT,2020-03-16
MT334549,29864,USA: UT,2020-03-12
MT334562,29864,USA: UT,2020-03-25
MT334564,29864,USA: UT,2020-03-25
MT334565,29864,USA: UT,2020-03-26
MT334566,29864,USA: UT,2020-03-25
MT334567,29864,USA: UT,2020-03-26
MT334572,29864,USA: UT,2020-03-27
MT326068,29864,USA,2020-03-24
MT326134,29864,USA,2020-03-20
MT322399,29864,USA: VA,2020-03
MT322420,29864,USA: VA,2020-03
MT293160,29864,USA: WA,2020-03-16
MT293211,29864,USA: WA,2020-03-19
MT259229,29864,"China: Hubei, Wuhan",2020-01-26
MT259237,29864,USA: WA,2020-03-16
MT259271,29864,USA: WA,2020-03-15
MT246489,29864,USA: WA,2020-03-14
MT252719,29865,USA: WA,2020-03-15
MT375455,29865,USA: WA,2020-03-28
MT372482,29865,Malaysia,2020-03-20
MT358668,29865,USA: WA,2020-03-31
MT350236,29865,USA: VA,2020-03
MT350242,29865,USA: VA,2020-03
MT350248,29865,USA: VA,2020-03
MT350250,29865,USA: VA,2020-03
MT334528,29865,USA: UT,2020-03-12
MT326056,29865,USA,2020-03-24
MT326116,29865,USA,2020-03-20
MT322394,29865,USA: VA,2020-03
MT322404,29865,USA: VA,2020-03
MT322415,29865,USA: VA,2020-03
MT291834,29865,China: Beijing,2020-01-28
MT293166,29865,USA: WA,2020-03-17
MT293186,29865,USA: WA,2020-03-17
MT293225,29865,USA: WA,2020-03-18
MT259231,29865,"China: Hubei, Wuhan",2020-01-25
MT259244,29865,USA: WA,2020-03-16
MT252770,29866,USA: WA,2020-03-11
MT358670,29866,USA: WA,2020-03-31
MT358687,29866,USA: WA,2020-03-26
MT358696,29866,USA: WA,2020-03-26
MT350237,29866,USA: VA,2020-03
MT322398,29866,USA: VA,2020-03
MT322407,29866,USA: VA,2020-03
MT322408,29866,USA: VA,2020-03
MT322411,29866,USA: VA,2020-03
MT293182,29866,USA: WA,2020-03-18
MT293207,29866,USA: WA,2020-03-19
MT263404,29866,USA: WA,2020-03-24
MT263411,29866,USA: CT,2020-03-14
MT263432,29866,USA: WA,2020-03-24
MT259230,29866,"China: Hubei, Wuhan",2020-01-25
LR757998,29866,China:Wuhan,2019-12-26
MT394528,29867,USA: CA,2020-03-24
MT385452,29867,USA: CA,2020-04-03
MT252769,29867,USA: WA,2020-03-11
MT375434,29867,USA: WA,2020-03-31
MT375452,29867,USA: WA,2020-03-28
MT114416,29867,Hong Kong,2020-01-27
MT358723,29867,USA: WA,2020-03-27
MT345861,29867,USA: WA,2020-03-25
MT326042,29867,USA,2020-03-23
MT326098,29867,USA,2020-03-22
MT322395,29867,USA: VA,2020-03
MT322396,29867,USA: VA,2020-03
MT322416,29867,USA: VA,2020-03
MT263465,29867,USA: WA,2020-03-16
MT246486,29867,USA: WA,2020-03-14
MT246667,29867,USA: WA,2020-01-19
MT066156,29867,Italy,2020-01-30
MT159716,29867,USA,2020-02-24
MT385451,29868,USA: CA,2020-04-08
MT375438,29868,USA: WA,2020-03-31
MT372480,29868,Malaysia,2020-03-18
MT358654,29868,USA: CT,2020-03-31
MT358730,29868,USA: WA,2020-03-29
MT345865,29868,USA: WA,2020-03-25
MT345878,29868,USA: OR,2020-03-29
MT326103,29868,USA,2020-03-22
MT326140,29868,USA,2020-03-20
MT293178,29868,USA: WA,2020-03-26
MT293192,29868,USA: WA,2020-03-28
MT263445,29868,USA: WA,2020-03-24
MT263447,29868,USA: WA,2020-03-14
MT263463,29868,USA: CT,2020-03-16
MT259226,29868,"China: Hubei, Wuhan",2020-01-10
MT259257,29868,USA: WA,2020-03-16
MT246451,29868,USA: WA,2020-03-13
LR757996,29868,China:Wuhan,2020-01-01
MT385450,29869,USA: CA,2020-03-31
MT252757,29869,USA: WA,2020-03-11
MT252767,29869,USA: WA,2020-03-11
MT252774,29869,USA: WA,2020-03-11
MT358710,29869,USA: WA,2020-03-27
MT345803,29869,USA: ID,2020-03-21
MT345832,29869,USA: WA,2020-03-25
MT345846,29869,USA: WA,2020-03-24
MT326061,29869,USA,2020-03-23
MT293187,29869,USA: WA,2020-03-17
MT293220,29869,USA: WA,2020-03-18
MT263443,29869,USA: WA,2020-03-24
MT246469,29869,USA: WA,2020-03-14
MT394530,29870,USA: CA,2020-03-31
MT385449,29870,USA: CA,2020-03-31
MT350244,29870,USA: VA,2020-03
MT326066,29870,USA,2020-03-24
MT326067,29870,USA,2020-03-24
MT326164,29870,USA,2020-03-21
MT293172,29870,USA: WA,2020-03-17
MT293218,29870,USA: WA,2020-03-18
MT276598,29870,Israel,2020-03
MT246484,29870,USA: WA,2020-03-15
MT066175,29870,Taiwan,2020-01-31
MT066176,29870,Taiwan,2020-02-05
MT385448,29871,USA: CA,2020-03-23
MT252746,29871,USA: WA,2020-03-12
MT252795,29871,USA: WA,2020-03-10
MT375445,29871,USA: WA,2020-03-29
MT375448,29871,USA: WA,2020-03-27
MT375470,29871,USA: CT,2020-04-06
MT375478,29871,USA: WA,2020-04-02
MT375479,29871,USA: WA,2020-04-02
MT375483,29871,USA,2020-04-02
MT358685,29871,USA: WA,2020-03-26
MT358747,29871,USA: WA,2020-03-31
MT345836,29871,USA: WA,2020-03-23
MT345849,29871,USA: WA,2020-03-24
MT345867,29871,USA: WA,2020-03-23
MT345880,29871,USA: ID,2020-03-28
MT326048,29871,USA,2020-03-23
MT326118,29871,USA,2020-03-21
MT326156,29871,USA,2020-03-21
MT293181,29871,USA: WA,2020-03-18
MT293183,29871,USA: WA,2020-03-18
MT293195,29871,USA: WA,2020-03-28
MT293210,29871,USA: WA,2020-03-19
MT263410,29871,USA: WA,2020-03-16
MT263417,29871,USA: WA,2020-03-24
MT263437,29871,USA: WA,2020-03-14
MT259260,29871,USA: WA,2020-03-16
MT251973,29871,USA: WA,2020-03-14
MT246471,29871,USA: WA,2020-03-14
MT123293,29871,China: Guangzhou,2020-01-29
MT394531,29872,USA: CA,2020-03-31
MT385447,29872,USA: CA,2020-03-31
MT375440,29872,USA: WA,2020-03-31
MT375449,29872,USA: WA,2020-03-28
MT375480,29872,USA: WA,2020-04-02
MT358647,29872,USA: WA,2020-03-31
MT358657,29872,USA: WA,2020-03-31
MT358667,29872,USA: WA,2020-03-30
MT358673,29872,USA: CT,2020-03-30
MT358735,29872,USA: WA,2020-03-28
MT358739,29872,USA: WA,2020-03-29
MT345827,29872,USA: WA,2020-03-25
MT345856,29872,USA: WA,2020-03-25
MT345872,29872,USA: ID,2020-03-27
MT326063,29872,USA,2020-03-24
MT326088,29872,USA,2020-03-23
MT291831,29872,China: Beijing,2020-01-24
MT263438,29872,USA,2020-03
MT263446,29872,USA: WA,2020-03-24
MT259276,29872,USA: WA,2020-03-15
MT246450,29872,USA: WA,2020-03-13
LR757995,29872,China:Wuhan,2019-12-26
MT252716,29873,USA: WA,2020-03-14
MT375458,29873,USA: WA,2020-04-06
MT375466,29873,USA: WA,2020-04-07
MT358661,29873,USA: OR,2020-03-31
MT358693,29873,USA: CT,2020-03-25
MT358706,29873,USA: WA,2020-03-31
MT326100,29873,USA,2020-03-22
MT293161,29873,USA: WA,2020-03-16
MT246481,29873,USA: WA,2020-03-13
MT385445,29874,USA: CA,2020-03-25
MT385446,29874,USA: CA,2020-03-23
MT252741,29874,USA: WA,2020-03-12
MT326153,29874,USA,2020-03-21
MT293202,29874,USA: WA,2020-03-19
LC534419,29874,Japan,2020-03-09
MT375441,29875,USA: WA,2020-03-26
MT375468,29875,USA: WA,2020-04-07
MT358684,29875,USA: WA,2020-03-25
MT358741,29875,USA: WA,2020-03-29
MT345802,29875,USA,2020-03-21
MT345825,29875,USA: WA,2020-03-25
MT345829,29875,USA: WA,2020-03-25
MT334532,29875,USA: UT,2020-03-12
MT328033,29875,Greece,2020-03-18
MT251975,29875,USA: WA,2020-03-14
MT385444,29876,USA: CA,2020-03-31
MT375463,29876,USA: WA,2020-04-07
MT344955,29876,USA: OH,2020-03-08
MT344956,29876,USA: OH,2020-03-07
MT344957,29876,USA: PA,2020-03-07
MT344958,29876,USA: PA,2020-03-07
MT345886,29876,USA: ID,2020-03-27
MT345887,29876,USA: ID,2020-03-29
MT326096,29876,USA,2020-03-22
MT326150,29876,USA,2020-03-21
MT263418,29876,USA: WA,2020-03-16
MT126808,29876,Brazil,2020-02-28
MT252799,29877,USA: WA,2020-03-09
MT358743,29877,USA: WA,2020-04-01
MT344962,29877,USA: MN,2020-03-07
MT293179,29877,USA: WA,2020-03-17
MT246461,29877,USA: WA,2020-03-13
MT246475,29877,USA: WA,2020-03-13
MT252747,29878,USA: WA,2020-03-12
MT358748,29878,USA: WA,2020-03-31
MT345835,29878,USA: WA,2020-03-25
MT334561,29878,USA: UT,2020-03-26
MT326171,29878,USA,2020-03-21
MT263403,29878,USA: WA,2020-03-16
MT259263,29878,USA: WA,2020-03-13
LC534418,29878,Japan,2020-02-14
MT152824,29878,"USA: Snohomish County, WA",2020-02-24
MT252763,29879,USA: WA,2020-03-12
MT252764,29879,USA: WA,2020-03-12
MT344961,29879,USA: NV,2020-03-07
MT259248,29879,USA: CT,2020-03-14
MT039887,29879,USA: WI,2020-01-31
MT396266,29880,Netherlands: Milheeze,2020-04-24
MT375461,29880,USA: WA,2020-04-06
MT375482,29880,USA: WA,2020-04-02
MT326095,29880,USA,2020-03-22
MT184908,29880,USA,2020-02-21
MT385443,29881,USA: CA,2020-03-28
MT385453,29881,USA: CA,2020-03-28
MT252808,29881,USA: WA,2020-03-09
MT293198,29881,USA: WA,2020-03-19
MT263458,29881,USA: WA,2020-03-15
MT259277,29881,USA: WA,2020-03-15
MN988668,29881,China,2020-01-02
MN988669,29881,China,2020-01-02
MT380728,29882,USA,2020-03-29
MT380729,29882,USA,2020-03-31
MT380730,29882,USA,2020-04-01
MT380731,29882,USA,2020-03-20
MT380732,29882,USA,2020-03-22
MT380733,29882,USA,2020-03-28
MT380734,29882,USA,2020-03-23
MT252804,29882,USA: WA,2020-03-08
MT252806,29882,USA: WA,2020-03-09
MT252807,29882,USA: WA,2020-03-09
MT370517,29882,Taiwan,2020-02-27
MT350263,29882,USA: WA,2020-03-19
MT350264,29882,USA: WA,2020-03-19
MT350265,29882,USA: WA,2020-03-19
MT350266,29882,USA: WA,2020-03-19
MT350267,29882,USA: WA,2020-03-19
MT350268,29882,USA: WA,2020-03-19
MT350269,29882,USA: WA,2020-03-20
MT350270,29882,USA: WA,2020-03-19
MT350271,29882,USA: WA,2020-03-20
MT350272,29882,USA: WA,2020-03-19
MT350273,29882,USA: WA,2020-03-19
MT350274,29882,USA: WA,2020-03-19
MT350275,29882,USA: WA,2020-03-19
MT350276,29882,USA: WA,2020-03-19
MT350277,29882,USA: WA,2020-03-19
MT350278,29882,USA: WA,2020-03-19
MT350279,29882,USA: WA,2020-03-19
MT350280,29882,USA: WA,2020-03-19
MT344944,29882,USA: CT,2020-03-08
MT344945,29882,USA: GA,2020-03-07
MT344946,29882,USA: GA,2020-03
MT344947,29882,USA: GA,2020-03
MT344948,29882,USA: HI,2020-03-05
MT344949,29882,USA: HI,2020-03-07
MT344953,29882,USA: MD,2020-03-04
MT344954,29882,USA: MN,2020-03-05
MT344959,29882,USA: PA,2020-03-08
MT344960,29882,USA: RI,2020-03-09
MT344963,29882,USA: NC,2020-03-08
MT345841,29882,USA: WA,2020-03-24
MT345858,29882,USA: ID,2020-03-23
MT345888,29882,USA: ID,2020-03-29
MT325561,29882,USA: AZ,2020-03-09
MT325562,29882,USA: AZ,2020-03-09
MT325563,29882,USA: DC,2020-03-06
MT325564,29882,USA: FL,2020-03-06
MT325565,29882,USA: FL,2020-03-02
MT325566,29882,USA: FL,2020-03-05
MT325567,29882,USA: FL,2020-03-05
MT325568,29882,USA: FL,2020-03-06
MT325569,29882,USA: GA,2020-03-04
MT325570,29882,USA: GA,2020-03-05
MT325571,29882,USA: GA,2020-03
MT325572,29882,USA: GA,2020-03-08
MT325573,29882,USA: GA,2020-03
MT325574,29882,USA: GA,2020-03
MT325575,29882,USA: GA,2020-03-10
MT325576,29882,USA: IA,2020-03-08
MT325577,29882,USA: IL,2020-03-07
MT325578,29882,USA: IL,2020-03-07
MT325579,29882,USA: IN,2020-03-09
MT325580,29882,USA: KS,2020-03-06
MT325581,29882,USA: LA,2020-03-09
MT325582,29882,USA: MA,2020-03-05
MT325583,29882,USA: MA,2020-03-06
MT325584,29882,USA: MA,2020-03-06
MT325585,29882,USA: MA,2020-03-06
MT325586,29882,USA: MA,2020-03-07
MT325587,29882,USA: MD,2020-03-04
MT325588,29882,USA: MO,2020-03-06
MT325589,29882,USA: NC,2020-03-08
MT325590,29882,USA: NC,2020-03-07
MT325591,29882,USA: NC,2020-03-06
MT325592,29882,USA: NE,2020-03-05
MT325593,29882,USA: NE,2020-03-07
MT325594,29882,USA: NH,2020-03-06
MT325595,29882,USA: NH,2020-03-06
MT325596,29882,USA: NJ,2020-03-04
MT325597,29882,USA: NV,2020-03-09
MT325598,29882,USA: OH,2020-03-08
MT325599,29882,USA: PA,2020-03-05
MT325600,29882,USA: PA,2020-03-05
MT325601,29882,USA: PA,2020-03-07
MT325602,29882,USA: PA,2020-03-08
MT325603,29882,USA: PA,2020-03-09
MT325604,29882,USA: PA,2020-03-06
MT325605,29882,USA: RI,2020-03-05
MT325606,29882,USA: SC,2020-03-06
MT325607,29882,USA: SC,2020-03-07
MT325608,29882,USA: SC,2020-03-08
MT325609,29882,USA: UT,2020-03-05
MT325610,29882,USA: UT,2020-03-07
MT325611,29882,USA: VA,2020-03-08
MT325612,29882,USA: VA,2020-03-08
MT325613,29882,USA: VA,2020-03-08
MT325614,29882,USA: VA,2020-03-08
MT325615,29882,USA: IA,2020-03-07
MT325616,29882,USA: MA,2020-03-06
MT325617,29882,USA: IA,2020-03-08
MT325618,29882,USA: IA,2020-03-08
MT325619,29882,USA: IA,2020-03-08
MT325620,29882,USA: IA,2020-03-08
MT325621,29882,USA: IA,2020-03-07
MT325622,29882,USA: NJ,2020-03-04
MT325623,29882,USA: SC,2020-03-05
MT325624,29882,USA: SC,2020-03-07
MT325625,29882,USA: SC,2020-03-07
MT325626,29882,USA: SC,2020-03-05
MT325627,29882,USA: NY,2020-03-04
MT325628,29882,USA: VA,2020-03-06
MT325629,29882,USA: MA,2020-03-05
MT325630,29882,USA: MA,2020-03-05
MT325631,29882,USA: MA,2020-03-05
MT325632,29882,USA: MA,2020-03-04
MT325633,29882,USA: MA,2020-03-04
MT325634,29882,USA: MA,2020-03-05
MT325635,29882,USA: MA,2020-03-06
MT325636,29882,USA: MA,2020-03-06
MT325637,29882,USA: MA,2020-03-06
MT325638,29882,USA: MA,2020-03-06
MT325639,29882,USA: MA,2020-03-07
MT325640,29882,USA: MA,2020-03-06
MT326069,29882,USA,2020-03-24
MT326189,29882,USA,2020-03-18
MT320538,29882,France,2020-03
MT304474,29882,South Korea,2020-02-27
MT304475,29882,South Korea,2020-02-29
MT304476,29882,South Korea,2020-02-29
MT304477,29882,USA: AZ,2020-03-02
MT304478,29882,USA: FL,2020-03-02
MT304479,29882,USA: GA,2020-03-03
MT304480,29882,USA: GA,2020-03-03
MT304481,29882,USA: GA,2020-03-04
MT304482,29882,USA: IL,2020-03-01
MT304483,29882,USA: IL,2020-03-01
MT304484,29882,USA: NH,2020-02-29
MT304485,29882,USA: NH,2020-03-02
MT304486,29882,USA: NY,2020-03-02
MT304487,29882,USA: OR,2020-03-01
MT304488,29882,USA: RI,2020-03-01
MT304489,29882,USA: TX,2020-02-29
MT304490,29882,USA: TX,2020-03-01
MT304491,29882,USA: TX,2020-03-01
MT293177,29882,USA,2020-03-16
MT276323,29882,USA: RI,2020-02-28
MT276324,29882,USA: CA,2020-02-26
MT276325,29882,USA: WA,2020-02-27
MT276326,29882,USA: GA,2020-02-29
MT276327,29882,USA: GA,2020-02-29
MT276328,29882,USA: OR,2020-02-27
MT276329,29882,USA: FL,2020-02-28
MT276330,29882,USA: FL,2020-02-28
MT276331,29882,USA: TX,2020-02-29
MT262896,29882,USA: WA,2020-03-13
MT262897,29882,USA: WA,2020-03-13
MT262898,29882,USA: WA,2020-03-13
MT262899,29882,USA: WA,2020-03-13
MT262900,29882,USA: WA,2020-03-13
MT262901,29882,USA: WA,2020-03-13
MT262902,29882,USA: WA,2020-03-13
MT262903,29882,USA: WA,2020-03-13
MT262904,29882,USA: WA,2020-03-13
MT262905,29882,USA: WA,2020-03-13
MT262906,29882,USA: WA,2020-03-13
MT262907,29882,USA: WA,2020-03-13
MT262908,29882,USA: WA,2020-03-13
MT262909,29882,USA: WA,2020-03-13
MT262910,29882,USA: WA,2020-03-13
MT262911,29882,USA: WA,2020-03-13
MT262912,29882,USA: WA,2020-03-13
MT262913,29882,USA: WA,2020-03-13
MT262914,29882,USA: WA,2020-03-13
MT262915,29882,USA: WA,2020-03-13
MT262916,29882,USA: WA,2020-03-13
MT263435,29882,USA: WA,2020-03-24
MT184907,29882,USA,2020-02-18
MT184909,29882,USA,2020-02-21
MT184910,29882,USA,2020-02-18
MT184911,29882,USA,2020-02-17
MT184912,29882,USA,2020-02-17
MT184913,29882,USA,2020-02-24
MT159705,29882,USA,2020-02-17
MT159706,29882,USA,2020-02-17
MT159707,29882,USA,2020-02-17
MT159708,29882,USA,2020-02-17
MT159709,29882,USA,2020-02-20
MT159710,29882,USA,2020-02-17
MT159711,29882,USA,2020-02-20
MT159712,29882,USA,2020-02-25
MT159713,29882,USA,2020-02-18
MT159714,29882,USA,2020-02-18
MT159715,29882,USA,2020-02-24
MT159717,29882,USA,2020-02-17
MT159718,29882,USA,2020-02-18
MT159719,29882,USA,2020-02-18
MT159720,29882,USA,2020-02-21
MT159721,29882,USA,2020-02-21
MT159722,29882,USA,2020-02-21
MT123291,29882,China: Guangzhou,2020-01-29
MT118835,29882,USA: CA,2020-02-23
MT106052,29882,USA: CA,2020-02-06
MT106053,29882,USA: CA,2020-02-10
MT106054,29882,USA: TX,2020-02-11
MT044257,29882,USA: IL,2020-01-28
MT039888,29882,USA: MA,2020-01-29
MT027062,29882,USA: CA,2020-01-29
MT027063,29882,USA: CA,2020-01-29
MT027064,29882,USA: CA,2020-01-29
MT020880,29882,USA: WA,2020-01-25
MT020881,29882,USA: WA,2020-01-25
MN994467,29882,USA: CA,2020-01-23
MN997409,29882,USA: AZ,2020-01-22
MN988713,29882,USA: Illinois,2020-01-21
MN985325,29882,USA,2020-01-19
MT375430,29883,USA: WA,2020-03-31
MT358694,29883,USA: WA,2020-03-26
MT350247,29883,USA: VA,2020-03
MT293176,29883,USA: WA,2020-03-17
MT293212,29883,USA: WA,2020-03-19
MT259236,29883,USA: WA,2020-03-16
MT246487,29883,USA: WA,2020-03-15
MT019533,29883,"China: Hubei, Wuhan",2020-01-01
MN994468,29883,USA: CA,2020-01-22
MT345805,29884,USA: WA,2020-03-23
MT328034,29884,Greece,2020-03-18
MT293208,29884,USA: WA,2020-03-19
MT263398,29884,USA: WA,2020-03-24
MT259251,29884,USA: WA,2020-03-14
MT246474,29884,USA: WA,2020-03-14
MT385442,29885,USA: CA,2020-04-03
MT252707,29885,USA: WA,2020-03-13
MT326106,29885,USA,2020-03-22
MT293219,29885,USA: WA,2020-03-18
MT258382,29885,"USA: San Francisco, CA",2020-03-18
MT385441,29886,USA: CA,2020-03-25
MT252794,29886,USA: WA,2020-03-10
MT374103,29886,Taiwan,2020-03-09
MT334570,29886,USA: UT,2020-03-26
MT322406,29886,USA: VA,2020-03
MT263399,29886,USA: WA,2020-03-24
MT246477,29886,USA: WA,2020-03-14
MT093571,29886,Sweden,2020-02-07
MT385440,29887,USA: CA,2020-03-23
MT252805,29887,USA: WA,2020-03-08
MT375453,29887,USA: WA,2020-03-27
MT350251,29887,USA: VA,2020-03
MT322400,29887,USA: VA,2020-03
MT293213,29887,USA: WA,2020-03-19
MT263406,29887,USA: MN,2020-03-13
MT258383,29887,"USA: San Francisco, CA",2020-03-18
MT259254,29887,USA: WA,2020-03-16
MT186683,29888,Hong Kong,2020-01
MT358742,29888,USA: WA,2020-03-29
MT345862,29888,USA: WA,2020-03-25
MT326132,29888,USA,2020-03-20
MT293196,29888,USA: WA,2020-03-19
MT258377,29888,"USA: San Francisco, CA",2020-03-18
MT246452,29888,USA: WA,2020-03-13
MT114412,29889,Hong Kong,2020-01-23
MT358702,29889,USA: WA,2020-03-27
MT345868,29889,USA: CT,2020-03-30
MT324684,29889,USA,2020-03-25
MT263429,29889,USA: IL,2020-03-13
MT246478,29889,USA: WA,2020-03-14
MT019530,29889,"China: Hubei, Wuhan",2019-12-30
MT385439,29890,USA: CA,2020-03-28
MT375431,29890,USA: ID,2020-03-29
MT375474,29890,USA: CT,2020-04-06
MT359865,29890,Spain,2020-03-15
MT334550,29890,USA: UT,2020-03-14
MT326092,29890,USA,2020-03-22
MT326117,29890,USA,2020-03-20
MT293159,29890,USA: WA,2020-03-16
MT258380,29890,"USA: San Francisco, CA",2020-03-18
MT192773,29890,Viet Nam: Ho Chi Minh city,2020-01-22
MT019532,29890,"China: Hubei, Wuhan",2019-12-30
MT385436,29891,USA: CA,2020-03-25
MT385437,29891,USA: CA,2020-03-28
MT385438,29891,USA: CA,2020-04-08
MT375459,29891,USA: WA,2020-04-05
MT114413,29891,Hong Kong,2020-01-24
MT114414,29891,Hong Kong,2020-01-24
MT114415,29891,Hong Kong,2020-01-27
MT114417,29891,Hong Kong,2020-01-29
MT114418,29891,Hong Kong,2020-01-27
MT230904,29891,Hong Kong,2020-01-22
MT358721,29891,USA: WA,2020-03-27
MT350249,29891,USA: VA,2020-03
MT345885,29891,USA: ID,2020-03-30
MT322410,29891,USA: VA,2020-03
MT192772,29891,Viet Nam: Ho Chi Minh city,2020-01-22
MT123290,29891,"China: Guangdong, Guangzhou",2020-02-05
MN996528,29891,China: Wuhan,2019-12-30
MN975262,29891,China,2020-01-11
MT385431,29892,USA: CA,2020-03-18
MT385432,29892,USA: CA,2020-03-28
MT385433,29892,USA: CA,2020-04-08
MT385435,29892,USA: CA,2020-04-08
MT385486,29892,USA: CA,2020-04-08
MT375446,29892,USA: WA,2020-03-28
MT358695,29892,USA: WA,2020-03-26
MT326052,29892,USA,2020-03-23
MT326065,29892,USA,2020-03-24
MT295464,29892,USA,2020-03-10
MT263468,29892,USA: WA,2020-03-17
MT258378,29892,"USA: San Francisco, CA",2020-03-18
MT258379,29892,"USA: San Francisco, CA",2020-03-18
MT259273,29892,USA: WA,2020-03-15
MT246454,29892,USA: WA,2020-03-12
MT385434,29893,USA: CA,2020-03-28
MT359866,29893,Spain,2020-03-15
MT345833,29893,USA: WA,2020-03-25
MT345840,29893,USA: WA,2020-03-24
MT345882,29893,USA: WA,2020-03-31
MT334568,29893,USA: UT,2020-03-27
MT322397,29893,USA: VA,2020-03
MT295465,29893,USA,2020-03-27
MT007544,29893,Australia: Victoria,2020-01-25
MT385430,29894,USA: CA,2020-03-28
MT350252,29894,USA: VA,2020-03
MT259269,29894,USA: WA,2020-03-14
MT385429,29895,USA: CA,2020-03-28
MT252677,29895,USA: WA,2020-03-10
MT252779,29895,USA: WA,2020-03-11
MT358401,29895,"USA: New Orleans, LA",2020-04-06
MT358740,29895,USA: WA,2020-03-28
MT334534,29895,USA: UT,2020-03-13
MT326129,29895,USA,2020-03-20
MT375432,29896,USA: WA,2020-03-30
MT358402,29896,"USA: New Orleans, LA",2020-04-06
MT339039,29896,USA: AZ,2020-03-17
MT334526,29896,USA: UT,2020-03-07
MT322418,29896,USA: VA,2020-03
MT293204,29896,USA: WA,2020-03-18
MT385428,29897,USA: CA,2020-03-28
MT252793,29897,USA: WA,2020-03-09
MT365033,29897,USA: New York,2020-04-02
MT358675,29897,USA: WA,2020-03-26
MT358744,29897,USA: WA,2020-04-01
MT350239,29897,USA: VA,2020-03
MT350245,29897,USA: VA,2020-03
MT326167,29897,USA,2020-03-21
MT322413,29897,USA: VA,2020-03
MT322422,29897,USA: VA,2020-03
MT259278,29897,USA: WA,2020-03-15
MT246466,29897,USA: WA,2020-03-13
MT163717,29897,USA: WA,2020-02-28
MT252780,29898,USA: WA,2020-03-11
MT374109,29898,Taiwan,2020-03-17
MT374115,29898,Taiwan,2020-03-18
MT375447,29898,USA: WA,2020-03-25
MT372481,29898,Malaysia,2020-03-20
MT345806,29898,USA: WA,2020-03-25
MT345875,29898,USA: ID,2020-03-28
MT322402,29898,USA: VA,2020-03
MT385425,29899,USA: CA,2020-03-25
MT385426,29899,USA: CA,2020-03-28
MT385427,29899,USA: CA,2020-04-08
MT374106,29899,Taiwan,2020-03-13
MT374113,29899,Taiwan,2020-03-17
MT375481,29899,USA: WA,2020-04-02
MT350240,29899,USA: VA,2020-03
MT350253,29899,USA: VA,2020-04
MT334530,29899,USA: UT,2020-03-11
MT334536,29899,USA: UT,2020-03-13
MT334546,29899,USA: UT,2020-03-19
MT334548,29899,USA: UT,2020-03-20
MT334559,29899,USA: UT,2020-03-24
MT322419,29899,USA: VA,2020-03
MT258381,29899,"USA: San Francisco, CA",2020-03-18
MT251976,29899,USA: WA,2020-03-14
MT246467,29899,USA: WA,2020-03-14
MT226610,29899,China,2020-01-20
MT019529,29899,"China: Hubei, Wuhan",2019-12-23
MT019531,29899,"China: Hubei, Wuhan",2019-12-30
MT396241,29900,China,2020-03-06
MT385423,29900,USA: CA,2020-03-28
MT385424,29900,USA: CA,2020-03-28
MT374105,29900,Taiwan,2020-03-13
MT374110,29900,Taiwan,2020-03-17
MT370516,29900,Taiwan,2020-02-26
MT345819,29900,USA: WA,2020-03-25
MT334525,29900,USA: UT,2020-03-07
MT334535,29900,USA: UT,2020-03-13
MT322401,29900,USA: VA,2020-03
MT322409,29900,USA: VA,2020-03
MT322423,29900,USA: VA,2020-03
MT263382,29900,USA: WA,2020-03-23
MT263421,29900,USA: WA,2020-03-24
MT385421,29901,USA: CA,2020-03-25
MT385422,29901,USA: CA,2020-03-28
MT374102,29901,Taiwan,2020-03-05
MT374108,29901,Taiwan,2020-03-14
MT374112,29901,Taiwan,2020-03-16
MT374114,29901,Taiwan,2020-03-18
MT374116,29901,Taiwan,2020-03-18
MT358704,29901,USA: ID,2020-03-29
MT358715,29901,USA: WA,2020-03-27
MT358736,29901,USA: WA,2020-03-29
MT345834,29901,USA: WA,2020-03-26
MT334523,29901,USA: UT,2020-03-05
MT334537,29901,USA: UT,2020-03-13
MT334540,29901,USA: UT,2020-03-14
MT322414,29901,USA: VA,2020-03
MT322417,29901,USA: VA,2020-03
MT385418,29902,USA: CA,2020-03-23
MT385419,29902,USA: CA,2020-04-08
MT385420,29902,USA: CA,2020-03-28
MT374107,29902,Taiwan,2020-03-14
MT358649,29902,USA: WA,2020-03-31
MT358722,29902,USA: WA,2020-03-27
MT350254,29902,USA: VA,2020-04
MT334533,29902,USA: UT,2020-03-13
MT334541,29902,USA: UT,2020-03-11
MT322405,29902,USA: VA,2020-03
LC528232,29902,,2020-02-10
LC528233,29902,,2020-02-10
NC_045512,29903,China,2019-12
MT385414,29903,USA: CA,2020-03-28
MT385415,29903,USA: CA,2020-03-28
MT385416,29903,USA: CA,2020-04-08
MT385417,29903,USA: CA,2020-04-08
MT252783,29903,USA: WA,2020-03-11
MT374104,29903,Taiwan,2020-03-10
MT374111,29903,Taiwan,2020-03-17
MT370518,29903,Taiwan,2020-02-27
MT371047,29903,Sri Lanka,2020-03-16
MT371048,29903,Sri Lanka,2020-03-10
MT371049,29903,Sri Lanka,2020-03-19
MT371050,29903,Sri Lanka,2020-03-31
LC542976,29903,Japan,2020-02
LC542809,29903,Japan,2020-03
MT358637,29903,India: Rajkot,2020-04-05
MT358718,29903,USA: WA,2020-03-27
MT350282,29903,Brazil,2020-03-18
MT345871,29903,USA: ID,2020-03-27
MT345877,29903,USA: ID,2020-03-27
MT339041,29903,USA: AZ,2020-03-17
MT334529,29903,USA: UT,2020-03-10
MT334538,29903,USA: UT,2020-03-13
MT334542,29903,USA: UT,2020-03-11
MT334544,29903,USA: UT,2020-03-19
MT334547,29903,USA: UT,2020-03-19
MT324062,29903,South Africa: KwaZulu-Natal,2020-03-07
MT326178,29903,USA,2020-03-19
MT328032,29903,Greece,2020-03-18
MT328035,29903,Greece,2020-03-18
MT322424,29903,USA: VA,2020-03
MT281577,29903,"China: Anhui, Fuyang",2020-03-10
MT263396,29903,USA: WA,2020-03-13
MT246462,29903,USA: WA,2020-03-13
MT163716,29903,USA: WA,2020-02-27
MT163718,29903,USA: WA,2020-02-29
MT163719,29903,USA: WA,2020-03-01
LC529905,29903,Japan,2020-01
MT135041,29903,China: Beijing,2020-01-26
MT135042,29903,China: Beijing,2020-01-28
MT135043,29903,China: Beijing,2020-01-28
MT135044,29903,China: Beijing,2020-01-28
MT049951,29903,China: Yunnan,2020-01-17
MT039890,29903,South Korea,2020-01
MN908947,29903,China,2019-12
MT252797,29904,USA: WA,2020-03-10
MT345869,29904,USA: CT,2020-03-30
MT263395,29904,USA: WA,2020-03-14
MT246480,29904,USA: WA,2020-03-13
MT251978,29905,USA: WA,2020-03-14
MT252748,29907,USA: WA,2020-03-11
MT345873,29907,USA: CT,2020-03-30
MT246459,29909,USA: WA,2020-03-12
MT252784,29910,USA: WA,2020-03-11
MT358705,29910,USA: ID,2020-03-29
MT263381,29910,USA: WA,2020-03-23
MT252702,29911,USA: WA,2020-03-13
MT263391,29911,USA: WA,2020-03-16
MT326190,29913,USA,2020-03-18
MT263459,29917,USA: WA,2020-03-24
MT246460,29917,USA: WA,2020-03-12
MT358734,29919,USA: WA,2020-03-29
MT326187,29919,USA,2020-03-18
MT358716,29920,USA: WA,2020-03-27
MT123292,29923,China: Guangzhou,2020-01-27
MT121215,29945,China: Shanghai,2020-02-02
